{"cameraMode":{"drawMode":0,"name":"Shaded","section":"Shading Mode"},"sceneLighting":false,"audioPlay":false,"sceneViewState":{"m_AlwaysRefresh":false,"showFog":true,"showSkybox":false,"showFlares":true,"showImageEffects":true,"showParticleSystems":true,"showVisualEffectGraphs":true,"m_FxEnabled":true},"in2DMode":false,"pivot":{"x":0.23339982330799104,"y":2.4948337078094484,"z":-4.760579586029053},"rotation":{"x":0.11988615989685059,"y":-0.04913954809308052,"z":0.005885477177798748,"w":0.9916366934776306},"size":1.2990384101867676,"orthographic":false}