{"cameraMode":{"drawMode":0,"name":"Shaded","section":"Shading Mode"},"sceneLighting":false,"audioPlay":false,"sceneViewState":{"m_AlwaysRefresh":false,"showFog":true,"showSkybox":false,"showFlares":true,"showImageEffects":true,"showParticleSystems":true,"showVisualEffectGraphs":true,"m_FxEnabled":true},"in2DMode":false,"pivot":{"x":-0.15104086697101594,"y":2.5854334831237795,"z":-1.7121195793151856},"rotation":{"x":0.24215395748615266,"y":-0.15495528280735017,"z":0.03918006271123886,"w":0.9570707678794861},"size":1.3574951887130738,"orthographic":false}