{"cameraMode":{"drawMode":0,"name":"Shaded","section":"Shading Mode"},"sceneLighting":false,"audioPlay":false,"sceneViewState":{"m_AlwaysRefresh":false,"showFog":true,"showSkybox":false,"showFlares":true,"showImageEffects":true,"showParticleSystems":true,"showVisualEffectGraphs":true,"m_FxEnabled":true},"in2DMode":false,"pivot":{"x":0.1322328895330429,"y":2.023566246032715,"z":-1.8996970653533936},"rotation":{"x":0.157060906291008,"y":-0.037043359130620959,"z":0.005841979291290045,"w":0.9869601726531982},"size":1.2990384101867676,"orthographic":false}