{"cameraMode":{"drawMode":0,"name":"Shaded","section":"Shading Mode"},"sceneLighting":false,"audioPlay":false,"sceneViewState":{"m_AlwaysRefresh":false,"showFog":true,"showSkybox":false,"showFlares":true,"showImageEffects":true,"showParticleSystems":true,"showVisualEffectGraphs":true,"m_FxEnabled":true},"in2DMode":false,"pivot":{"x":-5.6331071853637699,"y":4.626155853271484,"z":-5.146265983581543},"rotation":{"x":0.05874128267168999,"y":-0.04044114053249359,"z":0.0022467628587037327,"w":0.9975569844245911},"size":2.250000238418579,"orthographic":false}