{"cameraMode":{"drawMode":0,"name":"Shaded","section":"Shading Mode"},"sceneLighting":false,"audioPlay":false,"sceneViewState":{"m_AlwaysRefresh":false,"showFog":true,"showSkybox":true,"showFlares":true,"showImageEffects":true,"showParticleSystems":true,"showVisualEffectGraphs":true,"m_FxEnabled":true},"in2DMode":false,"pivot":{"x":-0.7966716885566711,"y":13.31448745727539,"z":-6.546678066253662},"rotation":{"x":0.4108225405216217,"y":-0.002778436290100217,"z":0.001158414059318602,"w":0.9118228554725647},"size":8.103392601013184,"orthographic":false}