{"cameraMode":{"drawMode":0,"name":"Shaded","section":"Shading Mode"},"sceneLighting":false,"audioPlay":false,"sceneViewState":{"m_AlwaysRefresh":false,"showFog":true,"showSkybox":false,"showFlares":true,"showImageEffects":true,"showParticleSystems":true,"showVisualEffectGraphs":true,"m_FxEnabled":true},"in2DMode":false,"pivot":{"x":0.3026542365550995,"y":0.6022831797599793,"z":-0.8274174332618713},"rotation":{"x":0.12722377479076386,"y":-0.06246291100978851,"z":0.007977709174156189,"w":0.9899567365646362},"size":1.2990384101867676,"orthographic":false}